"","ID","longitude","latitude"
"1","0400321012",-110.946481,32.239905
"2","0400331197",-112.0773,33.4486
"3","0400421013",-92.320431,34.7494735
"4","0400500027",-117.1971,33.911393
"5","0400500028",-119.347937,36.320822
"6","0400500031",-117.3810445,33.976658
"7","0400511026",-118.293465,33.8300865
"8","0400521006",-117.145428,32.7252795
"9","0400521014",-122.26,37.87
"10","0400521015",-117.841987,33.649718
"11","0400521016",-117.2619795,34.052225
"12","0400521018",-118.2439,34.0544
"13","0400521019",-118.38006,34.0764695
"14","0400521020",-118.442728,34.0652415
"15","0400521022",-117.16,32.75
"16","0400521023",-122.458398,37.763313
"17","0400521025",-122.1601755,37.42320875
"18","0400721028",-104.834728,39.745348
"19","0401611044",-87.601677,41.792542
"20","0401611046",-87.8356268125,41.8601058125
"21","0401612039",-87.627336,41.888463
"22","0401621040",-87.6524225,41.9367615
"23","0401621042",-87.621055,41.894573
"24","0401621043",-87.669128375,41.87411425
"25","0401721048",-86.176695,39.7762515
"26","0401821049",-91.5483845,41.658869
"27","0401911050",-94.572027,39.0311945
"28","0401922051",-97.3,37.72
"29","0402021052",-84.50048275,38.039481
"30","0402021053",-85.748992,38.248542
"31","0402111056",-93.704035,32.429483
"32","0402112055",-90.102875,29.936958
"33","0402131168",-90.105618,29.963305
"34","0402131199",-90.08,29.95
"35","0402211057",-70.275951,43.6529585
"36","0402311059",-76.625031,39.2892975
"37","0402321058",-76.6204945,39.3289375
"38","0402400071",-71.205611,42.485011
"39","0402411060",-71.1,42.35
"40","0402412069",-72.603829,42.121018
"41","0402421062",-71.07346475,42.3346785
"42","0402421065",-71.063902,42.349053
"43","0402421066",-71.09,42.34
"44","0402421067",-71.14898725,42.3487605
"45","0402431064",-71.0685065,42.3626695
"46","0402431070",-71.689933,42.27413
"47","0402500206",-83.055806,42.354346
"48","0402500207",-83.2436400444525,42.6716192
"49","0402500208",-84.55,42.71
"50","0402513202",-83.184552,42.535994
"51","0402521071",-83.683771,42.316221
"52","0402521185",-83.08463,42.3672465
"53","0402531073",-83.05746,42.35275
"54","0402621076",-92.526205,44.055675
"55","0402631075",-93.23158,44.983064
"56","0402711077",-90.174391,32.3287775
"57","0402800167",-92.595806,40.186744
"58","0402811081",-90.306719,38.6482235
"59","0405621165",-88.022002,43.04338
"60","0400821030",-72.929074,41.304211
"61","0400821172",-72.2481995,41.8070105
"62","0401021032",-77.0753535,38.9116305
"63","0401021033",-77.0499,38.90031
"64","0401021190",-77.1,38.99
"65","0401100205",-80.139356,25.814095
"66","0401100206",-80.386134,25.730984
"67","0401100209",-80.3644425,26.0824995
"68","0401100211",-82.5347825,28.536451
"69","0401100212",-81.2013415,28.6014075
"70","0401100213",-80.293106,25.705608
"71","0401100215",-80.187493,26.031384
"72","0401112204",-81.67,30.35
"73","0401113194",-81.51,30.27
"74","0401121035",-82.348267,29.647456
"75","0401121036",-80.212679,25.789664
"76","0401211038",-81.9878775,33.4708925
"77","0401221037",-84.322477,33.792274
"78","0401611041",-89.597983,40.697735
"79","0402811078",-92.3281905,38.9459185
"80","0402812080",-94.59,39.05
"81","0403821174",-81.7,41.46
"82","0403900129",-96.006721,36.137667
"83","0403921128",-97.44,35.21
"84","0404021129",-122.685914,45.499799
"85","0404100205",-75.779243,41.62648
"86","0404100206",-76.307025,40.127591
"87","0404100207",-76.53,41.99
"88","0404100208",-75.94054,40.352689
"89","0404111130",-76.6752245,40.265215
"90","0404121134",-75.173279,39.94445
"91","0404121137",-75.16,39.95
"92","0404121139",-79.949713,40.445638
"93","0404131136",-75.1513485,40.0050125
"94","0404132141",-79.9949825,40.4441445
"95","0404221142",-66.073805,18.394599
"96","0404300001",-71.41,41.82
"97","0404500144",-78.82,33.74
"98","0404522143",-79.947297,32.784808
"99","0404700202",-90.032531,35.138096
"100","0404711144",-83.943768,35.9402135
"101","0404931157",-111.831441,40.758098
"102","0405011158",-73.194033,44.479489
"103","0405111159",-78.5222,38.041
"104","0405111160",-77.430144,37.5404765
"105","0405121008",-76.305521,36.8447895
"106","0405412162",-122.3332,47.611771
"107","0405421161",-122.3076595,47.654538
"108","0405511163",-79.964403,39.640968
"109","0405621164",-89.408095,43.0732435
"110","0400121010",-86.802087,33.506034
"111","0402821166",-90.2672095,38.6282235
"112","0403011082",-95.949377,41.255254
"113","0403100001",-115.257966,36.194514
"114","0403211083",-72.25222,43.642221
"115","0403300196",-74.056560375,40.884110625
"116","0403311195",-75.119498,39.9406275
"117","0403312085",-74.304805,40.763357
"118","0403321087",-74.203776,40.740498
"119","0403321089",-74.15,40.9
"120","0403321180",-74.449174,40.494683
"121","0403421183",-106.618163,35.09026
"122","0403500182",-73.679359,40.796528
"123","0403500183",-73.93,41.72
"124","0403500184",-73.95,40.79
"125","0403511101",-73.996422,40.630501
"126","0403511102",-73.978512,40.6676575
"127","0403511107",-73.942841,40.8414
"128","0403511108",-73.953275,40.7898205
"129","0403511111",-77.629155,43.1281065
"130","0403521093",-78.8187,42.9547
"131","0403521098",-73.957503875,40.76271275
"132","0403521104",-73.953275,40.7898205
"133","0403521105",-73.8054525,41.086446
"134","0403521106",-73.985033,40.74711
"135","0403521110",-73.944864,40.655073
"136","0403521113",-76.138204,43.039786
"137","0403521167",-73.775048,42.653319
"138","0403521170",-73.124151,40.914502
"139","0403521181",-73.88001,40.880879
"140","0403621114",-79.0500079375,35.907882
"141","0403621116",-80.265921,36.089499
"142","0403631115",-78.9374355,36.0071165
"143","0403800175",-83.13805,39.952612
"144","0403800176",-84.168934,39.682815
"145","0403800177",-81.490848,41.470058
"146","0403811123",-83.0122685,40.0010725
"147","0403821118",-84.50352,39.13674
"148","0403821119",-81.606296,41.505284
"149","0403821125",-83.614522,41.660137875
"150","0403822120",-81.6200375,41.502617
"151","0404711146",-86.8014455,36.141713
"152","0404811149",-95.397713,29.712448
"153","0404811153",-101.892443,33.589706
"154","0404821091",-98.48223,29.4633205
"155","0404821147",-96.858624,32.811842
"156","0404821155",-98.57,29.51
"157","0404821156",-97.3428,31.0982
"158","0404831150",-95.39637,29.7105295
"159","0404831152",-95.403086,29.703271
"160","1850121008",-86.802087,33.506034
"161","1850321024",-112.0419955,33.4791915
"162","1850421085",-92.320431,34.7494735
"163","1850521006",-117.841987,33.649718
"164","1850521020",-117.23892,32.879793
"165","1850521061",-122.175539,37.433599
"166","1850521062",-118.442728,34.0652415
"167","1850521065",-118.29112,34.097629
"168","1850521069",-122.458398,37.763313
"169","1850800078",-72.9357465,41.303435
"170","1851011010",-77.101989,39.002851
"171","1851021048",-77.014023,38.92728
"172","1851113100",-81.66,30.32
"173","1851118101",-82.348267,29.647456
"174","1851621021",-87.621055,41.894573
"175","1851721050",-86.176695,39.7762515
"176","1851922096",-94.574823,39.03698
"177","1852121022",-90.12,29.94
"178","1852321027",-76.6204945,39.3289375
"179","1852413102",-71.07346475,42.3346785
"180","1852421051",-71.1041825,42.3364885
"181","1852500053",-85.597954,42.976158
"182","1852521030",-83.683771,42.316221
"183","1852821033",-90.197835,38.628521
"184","1852821034",-90.306719,38.6482235
"185","1853300012",-74.041839,40.209965
"186","1853321011",-74.16954275,40.75802975
"187","1853413105",-106.618163,35.09026
"188","1853521002",-73.88001,40.880879
"189","1853521035",-78.8187,42.9547
"190","1853521055",-73.7176,40.7707
"191","1853521081",-73.124151,40.914502
"192","1853621003",-79.0500079375,35.907882
"193","1853813091",-81.606296,41.505284
"194","1853821038",-84.501811,39.141081
"195","1853821092",-83.020003,39.992892
"196","1854118042",-75.54,39.83
"197","1854121012",-79.942204,40.463944
"198","1854121040",-75.12,39.99
"199","1854121041",-75.194686,39.947738
"200","1854712104",-90.03297,35.140192
"201","1854818079",-97.71,30.31
"202","1854821043",-96.858624,32.811842
"203","1854921044",-111.831441,40.758098
"204","1855121060",-77.430144,37.5404765
"205","1855421047",-122.3076595,47.654538
"206","1855618109",-89.408095,43.0732435
"207","1855621070",-88.022002,43.04338
"208","0800300146",-111.69,33.39
"209","0800300147",-112.241532,33.610299
"210","0800300148",-111.92,33.64
"211","0800321127",-111.82,33.58
"212","0800321145",-110.9530625,32.236356
"213","0800500145",-117.88,33.62
"214","0800512144",-118.2439,34.0544
"215","0800521014",-117.841987,33.649718
"216","0800521018",-117.23892,32.879793
"217","0800521019",-122.391729,37.776259
"218","0800521020",-122.23,37.49
"219","0800521101",-122.26,37.87
"220","0800531006",-117.145428,32.7252795
"221","0800821023",-72.918234,41.319942
"222","0800831138",-72.2481995,41.8070105
"223","0801000127",-77.048976,38.898928
"224","0801021025",-77.020477,38.921405
"225","0801021106",-77.011703,38.926746
"226","0801021123",-77.101989,39.002851
"227","0801100137",-81.37406,28.552917
"228","0801100138",-80.10653,26.10863
"229","0801100139",-82.8033245,27.914382
"230","0801100140",-81.73,30.19
"231","0801100141",-81.32,28.63
"232","0801100144",-80.3062,25.8826
"233","0801121096",-82.430086,28.05545
"234","0801121115",-82.348267,29.647456
"235","0801200030",-84.33364,34.042479
"236","0801211029",-81.9878775,33.4708925
"237","0801621034",-89.597983,40.697735
"238","0801621118",-89.632379,39.758171
"239","0802021038",-85.748992,38.248542
"240","0802321040",-76.593334,39.2976345
"241","0802421114",-71.689933,42.27413
"242","0802431043",-71.07,42.36
"243","0802500142",-83.5,42.61
"244","0802500143",-86.48,42.1096
"245","0802500145",-83.2,42.14
"246","0802513139",-83.055806,42.354346
"247","0802600050",-93.35,44.97
"248","0802700001",-90.173526,32.330073
"249","0802800117",-92.58,40.19
"250","0802821116",-90.197835,38.628521
"251","0803000001",-95.949377,41.255254
"252","0803300129",-74.04,40.77
"253","0803331128",-74.449174,40.494683
"254","0803400055",-106.618163,35.09026
"255","0803500126",-73.70038,40.765772
"256","0803500127",-73.953275,40.7898205
"257","0803500128",-73.754021,40.600208
"258","0803500129",-73.891312,40.8524255
"259","0803521062",-73.954394,40.765282
"260","0803521063",-73.953275,40.7898205
"261","0803521113",-73.1182325,40.9132405
"262","0803600133",-78.36,34.99
"263","0803611066",-79.0500079375,35.907882
"264","0803621110",-80.2792535,36.1353335
"265","0803800144",-83.034849,40.031
"266","0803800145",-81.48,41.12
"267","0803811072",-82.87,40.02
"268","0803821068",-84.50352,39.13674
"269","0803821073",-84.18806,39.758281
"270","0803821120",-81.606296,41.505284
"271","0804000076",-123.004118,44.897436
"272","0804100105",-75.516853,40.564426
"273","0804100107",-75.27342,40.698
"274","0804112076",-75.779243,41.62648
"275","0804121103",-76.6752245,40.265215
"276","0804221082",-66.073805,18.394599
"277","0804321122",-71.403962,41.8261575
"278","0804521099",-79.947297,32.784808
"279","0804721084",-83.930266,35.9530525
"280","0804721098",-86.8014455,36.141713
"281","0804800144",-97.777883,32.740138
"282","0804800145",-97.3889785,27.7529675
"283","0804811086",-95.397713,29.712448
"284","0804812140",-97.73,30.28
"285","0804813142",-96.780466,32.789929
"286","0804821085",-96.858624,32.811842
"287","0804821121",-98.6264499,29.3783907
"288","0804822088",-98.57,29.51
"289","0804921112",-111.831441,40.758098
"290","0805100131",-79.942948,37.257428
"291","0805100132",-80.4116565,37.187445
"292","0805121130",-76.3014135,36.861366
"293","0805431091",-122.3076595,47.654538
"294","0805621093",-89.408095,43.0732435
"295","0805622131",-90.177848,44.67768
"296","1100100167",-88.098133,30.707686
"297","1103300216",-74.797996,40.330938
"298","1103300217",-74.214966,40.011724
"299","1103312060",-74.469168,40.777284
"300","1103321158",-74.21,40.71
"301","1103500207",-73.912402,40.65494
"302","1103500208",-73.917391,40.7041845
"303","1103500209",-76.827992,42.100398
"304","1103500210",-73.96548,40.585468
"305","1103500211",-73.294435,40.695487
"306","1103500212",-74.38,41.45
"307","1103500213",-73.5548345,40.7262715
"308","1103500215",-73.885914,40.968487
"309","1103500216",-73.25,40.72
"310","1103512030",-73.88001,40.880879
"311","1103512031",-73.9454,40.8079
"312","1103512053",-73.8774,40.9087
"313","1103512206",-74.09,40.59
"314","1103513169",-73.954394,40.765282
"315","1103521086",-73.77671059375,42.65357365625
"316","1103521091",-73.124151,40.914502
"317","1103521093",-73.9774855,40.690169
"318","1103521109",-73.953275,40.7898205
"319","1103531173",-73.824989,40.746848
"320","1103600167",-79.011664,34.637179
"321","1103600215",-77.95,34.24
"322","1103612032",-80.83866075,35.203828
"323","1103612033",-80.265921,36.089499
"324","1103612063",-77.401084,35.608166
"325","1103621130",-79.0500079375,35.907882
"326","1103800203",-82.9685135,39.396262
"327","1103800204",-81.45,39.42
"328","1103800206",-80.660291,40.994819
"329","1103800207",-81.90115,41.455502
"330","1103800209",-81.501144,41.082054
"331","1103800210",-81.43,40.92
"332","1103800211",-84.117819,40.741083
"333","1103800215",-80.625595,40.354736
"334","1103812035",-81.531093,41.078769
"335","1103812036",-84.50352,39.13674
"336","1103812039",-84.17,39.7
"337","1103812040",-83.542978,41.668705
"338","1103812198",-83.614522,41.660137875
"339","1103813200",-81.606296,41.505284
"340","1103900194",-95.9998105,36.146563
"341","1103900195",-96.006721,36.137667
"342","1103900196",-97.576913,35.52724
"343","1103900197",-96.006721,36.137667
"344","1103931193",-95.92,36.1
"345","1104700197",-83.940718,35.946605
"346","1104721113",-86.8014455,36.141713
"347","1104721195",-85.3,35.05
"348","1104800211",-97.74,30.27
"349","1104800214",-98.57,29.51
"350","1104800220",-95.1846,30.0497
"351","1104800221",-101.892443,33.589706
"352","1104800223",-97.125744,32.683181
"353","1104812048",-97.776103,31.127705
"354","1104812070",-106.2221,31.8064
"355","1104812202",-97.3266105,32.727264
"356","1104813188",-97.41,27.77
"357","1104821085",-98.459558,29.445376
"358","1104821153",-96.858624,32.811842
"359","1105100210",-80.03046225,37.26323425
"360","1105100211",-76.48311,37.0644305
"361","1105121105",-76.305521,36.8447895
"362","1105412051",-122.551932,47.109684
"363","1105431210",-122.335127,47.609036
"364","1105500129",-81.599125,38.329402
"365","1105521128",-79.964403,39.640968
"366","1100131165",-86.802087,33.506034
"367","1100300204",-114.03,35.22
"368","1100300205",-112.36,33.46
"369","1100321082",-111.99,33.48
"370","1100321203",-110.9530625,32.236356
"371","1100400072",-91.697553,35.252019
"372","1100500214",-117.07,32.78
"373","1100500216",-117.35101675,34.073752
"374","1100500217",-116.5439805625,33.8390001875
"375","1100500218",-122.26,37.87
"376","1100500219",-116.405941,33.7633245
"377","1100500221",-117.1474,33.4946
"378","1100500222",-120.9969,37.6391
"379","1100500223",-119.7629,36.840384
"380","1100512001",-118.97061,35.384178
"381","1100512002",-122.26,37.87
"382","1100512003",-118.442728,34.0652415
"383","1100512006",-83.6172,42.6381
"384","1100512008",-118.293465,33.8300865
"385","1100513192",-122.406837,37.761511
"386","1100521098",-122.175539,37.433599
"387","1100712009",-105,39.74
"388","1100821120",-72.2481995,41.8070105
"389","1100821139",-72.936797,41.305444
"390","1100912057",-75.67155,39.690878
"391","1101012181",-77.011703,38.926746
"392","1101100192",-80.06,26.51
"393","1101100193",-80.212679,25.789664
"394","1101100194",-81.2013415,28.6014075
"395","1101100196",-80.14531425,25.970208
"396","1101100199",-80.41,27.31
"397","1101100201",-81.2013415,28.6014075
"398","1101100203",-81.37406,28.552917
"399","1101100204",-82.28676,27.932953
"400","1101112190",-81.31,28.5
"401","1101121072",-81.379028,28.524151
"402","1101121167",-82.430086,28.05545
"403","1101131186",-82.348267,29.647456
"404","1101200091",-84.551249,33.9693995
"405","1101200092",-83.618814,32.846841
"406","1101212012",-84.322477,33.792274
"407","1101600569",-87.669128375,41.87411425
"408","1101600571",-87.699439,41.9753535
"409","1103300214",-75.0578,39.4449065
"410","1103300215",-75,39.83
"411","1104100001",-75.64,40.25
"412","1104100200",-75.951054,40.330709
"413","1104100201",-75.368496,39.8563
"414","1104100202",-78.920089,40.3051965
"415","1104100203",-80.122159,42.112196
"416","1104100205",-75.03,40.07
"417","1104100206",-75.042533,40.05908
"418","1104100208",-80.1,42.12
"419","1104100209",-76.880226,40.257592
"420","1104100213",-75.343472,40.1533935
"421","1104112043",-75.779243,41.62648
"422","1104112054",-79.9949825,40.4441445
"423","1104112055",-79.96,40.44
"424","1104121089",-76.71854,39.923551
"425","1104121111",-75.38,40.61
"426","1104121122",-75.120418,40.035597
"427","1104121199",-75.471809,40.58206
"428","1104212046",-66.0571,18.3744
"429","1104212187",-66.6185,18.073
"430","1104300115",-71.479027,41.725626
"431","1104500184",-82.38,34.8
"432","1104500186",-80.07,32.98
"433","1104512047",-81.03,34.03
"434","1104700196",-90.032531,35.138096
"435","1100500220",-121.288564,37.969973
"436","1100521080",-117.16,32.75
"437","1101600572",-87.676112,41.506897
"438","1101612017",-87.732448,41.721704
"439","1101612069",-89.597983,40.697735
"440","1101613204",-89.657962,39.810091
"441","1101631146",-87.8144,41.987439
"442","1101913182",-94.609310125,39.05612625
"443","1102021129",-84.50048275,38.039481
"444","1102121117",-91.191738,30.445333
"445","1102221142",-70.275951,43.6529585
"446","1102421150",-71.0685065,42.3626695
"447","1102431163",-71.1041825,42.3364885
"448","1102500197",-83.40404,42.39438
"449","1102500198",-84.3934965,42.2504665
"450","1102500199",-86.48,42.11
"451","1102500200",-85.71,42.91
"452","1102500201",-86.22,43.23
"453","1102500202",-83.087921,42.493755
"454","1102500204",-83.213614,42.116816
"455","1102500205",-83.147565,42.209862
"456","1102500206",-83.323997,42.446676
"457","1102500207",-82.96064,42.6151695
"458","1102500208",-83.388367,41.924915
"459","1102500210",-82.896946,42.587494
"460","1102500211",-83.3141465,42.3322315
"461","1102500212",-83.2058076,42.4605592
"462","1102511138",-83.949,43.42
"463","1102512024",-83.0546680625,42.3523159375
"464","1102512027",-84.481054,42.7265225
"465","1102512059",-83.0704,42.3571
"466","1102513196",-83.642292,42.8926
"467","1102521106",-83.683771,42.316221
"468","1102521124",-85.580226,42.290067
"469","1102521132",-82.914537,42.419641
"470","1102612028",-93.274848,44.9787933
"471","1102621144",-93.0946715,44.9548895
"472","1102700074",-89.37,31.32
"473","1102700075",-88.558794,34.934621
"474","1102721073",-90.174391,32.3287775
"475","1102800203",-94.390419962329,37.0476320585825
"476","1102812029",-94.58,39.09
"477","1103031168",-95.949377,41.255254
"478","1103100191",-115.288182,36.143861
"479","1103131189",-115.141826,36.107638
"480","1200100727",-88.098133,30.707686
"481","1203311195",-74.3515,40.7126
"482","1203312667",-74.927766,39.842378
"483","1203312679",-74.3,40.25
"484","1203321419",-74.449174,40.494683
"485","1203321436",-75.2,40.69
"486","1203321445",-75.111633,39.7638565
"487","1203400708",-108.71,31.92
"488","1203400709",-105.934053,32.924416
"489","1203400710",-108.65417,35.528891
"490","1203421577",-106.735981,32.291935
"491","1203421595",-105.95,35.68
"492","1203612665",-77.345566,34.668442
"493","1203621575",-82.54393,35.5605345
"494","1203621580",-80.602008,35.436643
"495","1203621611",-77.922619,34.2055025
"496","1203631223",-78.931435,35.034332
"497","1203631226",-80.265921,36.089499
"498","1203700681",-97.067865,47.931788
"499","1203700682",-97.067865,47.931788
"500","1203700683",-97.067865,47.931788
"501","1203721227",-100.812285,46.808349
"502","1203731229",-97.068111,47.910535
"503","1203731230",-101.321626,48.210561
"504","1203800690",-84.20932,39.806651
"505","1203800691",-83.057523,39.880052
"506","1203800693",-82.19,38.82
"507","1203800697",-81.5108845,41.1330345
"508","1203800698",-82.710336,41.445661
"509","1203800700",-84.06238,39.770857
"510","1203800701",-83.1649,40.101243
"511","1203800702",-82.114297,39.327239
"512","1203800703",-81.90115,41.455502
"513","1203800704",-83.6,41.55
"514","1203800706",-77.4343,37.5385
"515","1203800707",-82.5776685,39.71764125
"516","1203800709",-80.586666,40.621354
"517","1203811234",-81.4031125,40.796734
"518","1203811236",-81.606296,41.505284
"519","1203811237",-81.7,41.46
"520","1203811238",-81.797362,41.484818
"521","1203811251",-80.649369,41.100591
"522","1203811359",-80.81,41.24
"523","1203821231",-81.498055,41.078537
"524","1203821235",-84.508342,39.13607
"525","1203821241",-83.0122685,40.0010725
"526","1203821437",-81.58821,41.015715
"527","1203821474",-84.341788,39.2518155
"528","1203831239",-82.991089,39.960003
"529","1203831243",-84.25,39.8
"530","1203831249",-83.542978,41.668705
"531","1203832240",-83.0717584,39.8505547
"532","1203900660",-96.006721,36.137667
"533","1203900661",-96.029732,36.096539
"534","1203900662",-95.08,34.76
"535","1203900666",-96.006721,36.137667
"536","1203900667",-96.645723,34.73088
"537","1203900668",-96.378497,34.0059495
"538","1203900670",-96.006721,36.137667
"539","1203921256",-95.974981,36.11544
"540","1203921499",-95.9758,36.14944
"541","1203921513",-97.523217,35.477879
"542","1203921585",-97.576913,35.52724
"543","1204000729",-121.51,45.71
"544","1204000730",-123.268066,44.591005
"545","1204000732",-123.37,43.23
"546","1204000733",-122.9898,45.5229
"547","1204021371",-122.685914,45.499799
"548","1204021540",-121.7817,42.2249
"549","1204021656",-122.6393,45.4454
"550","1204100691",-76.6752245,40.265215
"551","1204100692",-76.307025,40.127591
"552","1204100693",-75.215836,40.012154
"553","1204100694",-76.43,40.34
"554","1204100695",-75.93,40.38
"555","1204100696",-75.66,41.4
"556","1204100697",-75.3163295,40.140511
"557","1204100698",-76.880226,40.257592
"558","1204100699",-80.060033,39.734669
"559","1204100700",-74.87,40.18
"560","1204100702",-74.867354,40.105273
"561","1204100703",-80.5,41.22
"562","1204100704",-80.105635,42.081449
"563","1204100705",-80.146024,41.641457
"564","1204100706",-79.397693,41.192482
"565","1204100707",-77.556226271213,40.6008757
"566","1204100708",-75.91,40.82
"567","1204100709",-75.343472,40.1533935
"568","1203100700",-115.140786,36.11034
"569","1203500733",-78.8187,42.9547
"570","1203500735",-73.599915,40.715411
"571","1203500736",-72.6736805,40.9343785
"572","1203500737",-79.050358,43.091882
"573","1203500738",-75.93,42.1
"574","1203500740",-76.138204,43.039786
"575","1203500741",-73.9,41.93
"576","1203511202",-73.622562,40.870872
"577","1203511203",-75.95,42.12
"578","1203511206",-73.816334,40.70032525
"579","1203511207",-74.02,40.64
"580","1203511212",-73.953275,40.7898205
"581","1203511217",-75.266098,43.082204
"582","1203511218",-73.8976885,40.929515
"583","1203512215",-73.9162625,42.8200255
"584","1203521198",-73.775048,42.653319
"585","1203521204",-74.016083,41.916161
"586","1203521210",-73.944864,40.655073
"587","1203521214",-77.630565,43.1226295
"588","1203521216",-73.9450875,40.6552505
"589","1203621011",-79.002664,35.1455645
"590","1204100710",-78.73,41.12
"591","1204100712",-75.16381,39.957116
"592","1204821464",-95.27,32.38
"593","1204821469",-97.35,31.07
"594","1204821511",-101.93,35.19
"595","1205100717",-79.405701,36.577812
"596","1205100718",-81.9117925,36.7229145
"597","1205100719",-82.7545,36.877083
"598","1205100721",-79.933412,37.285148
"599","1205111322",-77.22675,38.85781
"600","1205111325",-79.942948,37.257428
"601","1205112012",-77.142986,38.705952
"602","1205121318",-79.170199,37.41452
"603","1205121627",-78.1918,38.9179
"604","1205131323",-76.48311,37.0644305
"605","1205131683",-77.65,37.41
"606","1205400711",-122.477592,47.241995
"607","1205400713",-119.282461,46.28128
"608","1205400714",-122.4518,47.250683
"609","1205400715",-122.96,46.65
"610","1205400716",-122.205865,47.906981
"611","1205400717",-123.432643,48.110102
"612","1205400720",-122.33,48.42
"613","1203100702",-115.162538,36.240243
"614","1203100703",-115.233895,36.046936
"615","1203100704",-115.288182,36.143861
"616","1203113699",-115.051823,36.232312
"617","1203121481",-115.140786,36.11034
"618","1203121482",-119.816341,39.5488895
"619","1203200558",-70.789368,43.064892
"620","1203231557",-71.562008,43.1983315
"621","1203300685",-74.12843,40.076728
"622","1203300686",-74.4654845,40.7893055
"623","1203300687",-74.058036,40.73134
"624","1203300691",-74.434638,39.358799
"625","1203300693",-75.218498,39.722298
"626","1203311190",-74.350637,40.556131
"627","1203311191",-74.8610025,40.531181
"628","1203311192",-74.03,40.74
"629","1203311193",-74.23,40.83
"630","1203311194",-74.5947695,40.568255
"631","1203500723",-73.912019,41.789142
"632","1203500724",-73.453445,44.699896
"633","1203500726",-73.47,40.78
"634","1203500727",-78.21,43.01
"635","1203500729",-76.827992,42.100398
"636","1203500732",-75.913157,43.964851
"637","1203521408",-72.39,40.89
"638","1203521465",-73.889101,40.832525
"639","1203521516",-78.79,43
"640","1203521530",-73.9774855,40.690169
"641","1203521706",-73.8585,41.0857
"642","1203531681",-74.17,40.87
"643","1203532538",-73.953275,40.7898205
"644","1203600666",-80.88,35.48
"645","1203600667",-79.01586175,34.61434275
"646","1203600668",-78.738958,35.4091335
"647","1203600670",-78.324304,35.007374
"648","1203600672",-82.54393,35.5605345
"649","1203600674",-77.403992,35.6076065
"650","1203611219",-82.54393,35.5605345
"651","1203611221",-80.83866075,35.203828
"652","1203611224",-79.77,36.08
"653","1204100711",-75.27342,40.698
"654","1204111258",-75.12578,40.099201
"655","1204111260",-78.41,40.54
"656","1204111264",-80.1,42.12
"657","1204111277",-79.39412,40.320791
"658","1204112270",-76.304181,40.0469955
"659","1204112271",-79.8486468,40.3511865
"660","1204112280",-79.929747,40.45062
"661","1204112281",-75.951054,40.330709
"662","1204112283",-80.246372,40.183824
"663","1204112689",-75.88,41.24
"664","1204121259",-75.49,40.6
"665","1204121284",-75.88,41.27
"666","1204121477",-75.368496,39.8563
"667","1204121504",-76.6752245,40.265215
"668","1204121518",-76.53,41.99
"669","1204121572",-75.471809,40.58206
"670","1204121603",-75.38,40.67
"671","1204122278",-79.787689,40.430599
"672","1204131261",-75.321154,40.0188205
"673","1204131275",-75.2074,40.0771
"674","1204131285",-76.984743,41.26034
"675","1204200001",-84.982754,34.788943
"676","1204200710",-67.1465,18.2028
"677","1204221287",-65.86,18.43
"678","1204221501",-66.48,18.43
"679","1204221620",-67.1465,18.2028
"680","1204321288",-71.47953,41.70412
"681","1204500670",-79,33.68
"682","1204500671",-80.39,33.96
"683","1204500672",-82.26,34.86
"684","1204500673",-82.99,34.7
"685","1204500674",-79.01,33.8
"686","1204821361",-96.858624,32.811842
"687","1204821454",-95.48,30.32
"688","1204821457",-102.3677,31.8457
"689","1204821565",-95.389418,29.685005
"690","1204821593",-97.68,26.19
"691","1204821616",-98.71,29.44
"692","1204831605",-96.395599,30.598746
"693","1204921315",-111.831441,40.758098
"694","1204921495",-111.953745,41.18338
"695","1204921529",-111.8476229,40.6845849
"696","1204921583",-111.6652525,40.248608
"697","1205021316",-73.194033,44.479489
"698","1205100716",-77.4343,37.5385
"699","1205400721",-122.625154,47.5829045
"700","1205400722",-119.19109,46.1781
"701","1205400723",-122.30622,47.64938
"702","1205400724",-120.5108,46.6016
"703","1205400725",-122.401043,47.236284
"704","1205400727",-123.41,47
"705","1205421327",-122.323898,47.7010055
"706","1205421328",-122.310468,47.607125
"707","1205421330",-117.4,47.67
"708","1205421470",-122.213929,47.4429505
"709","1205421497",-122.847781,47.0523375
"710","1205421522",-120.5341,46.602851
"711","1205421546",-122.669126,45.646138
"712","1205421552",-117.4247,47.6589
"713","1205431326",-122.32189,47.608403
"714","1205431329",-122.3076595,47.654538
"715","1205431331",-122.477592,47.241995
"716","1205500570",-80.469794,37.773241
"717","1205500571",-81.200127,37.78841
"718","1205511336",-79.964403,39.640968
"719","1205511337",-81.6333,38.3506
"720","1205521335",-82.516685,38.376621
"721","1205521569",-77.766927,39.271862
"722","1205522334",-80.2397515,39.328409
"723","1205522338",-80.684945,40.0588605
"724","1205600671",-91.25,43.81
"725","1205600674",-91.507189,44.792455
"726","1205600675",-88.546683,42.673052
"727","1205600676",-88.071709,43.144951
"728","1205600677",-89.64,42.6
"729","1205600678",-88.02,44.52
"730","1205611339",-91.2396,43.8014
"731","1205611343",-89.408095,43.0732435
"732","1205621345",-88.243316,43.012903
"733","1205621348",-87.912849,42.947647
"734","1205621350",-89.056072,42.64798
"735","1205621503",-88.98,42.72
"736","1205621609",-89.056072,42.64798
"737","1205621670",-87.91,43.05
"738","1205631342",-91.47001,44.801502
"739","1205631349",-88.022002,43.04338
"740","1205631368",-88.41,44.26
"741","1205700370",-105.578769,41.311837
"742","1200521459",-120.46718,37.33992
"743","1200521478",-118.293465,33.8300865
"744","1200521480",-118.21,34.05
"745","1200521509",-117.46,33.91
"746","1200521514",-118.5903085,34.170853
"747","1200521564",-121.4166435,38.463669
"748","1200521610",-117.748263,34.077068
"749","1200521632",-117.083359,32.633665
"750","1200531050",-122.132916,38.0070235
"751","1200531054",-122.39539,40.571966
"752","1200531066",-121.282061,37.8869315
"753","1200531515",-117.85,33.71
"754","1200531556",-121.404904,38.421135
"755","1200700622",-104.718123,40.41363
"756","1200700623",-104.63,38.26
"757","1200700624",-104.901428,39.760376
"758","1200700625",-104.82,39.71
"759","1200700626",-104.772283,38.879932
"760","1200711074",-104.718123,40.41363
"761","1200712069",-104.990998,39.956767
"762","1200712070",-104.972188,39.746189
"763","1200721075",-104.51,38.15
"764","1200721544",-105.0166,39.6133
"765","1200721619",-104.9,39.76
"766","1200731072",-105.057189,40.5712665
"767","1200731073",-108.54,39.11
"768","1200731524",-104.718123,40.41363
"769","1200800723",-72.52,41.78
"770","1200811078",-73.53,41.05
"771","1200821076",-72.694294,41.766592
"772","1200821077",-72.64735775,41.55451025
"773","1200900416",-75.51409,39.163194
"774","1200911079",-75.54,39.83
"775","1200921415",-75.566652,39.749795
"776","1201021080",-75.8836,39.3679
"777","1201021081",-77.020477,38.921405
"778","1201100721",-80.45,25.68
"779","1201100728",-81.87,26.64
"780","1201100732",-80.10653,26.10863
"781","1201100733",-80.67,26.68
"782","1201100734",-81.280022,28.539986
"783","1201121625",-82.41,28.06
"784","1201200002",-83.79,31.18
"785","1201200638",-84.017501,33.96362
"786","1201200639",-83.62479,32.61888
"787","1201200641",-84.551249,33.9693995
"788","1201200642",-83.8170145,34.3038975
"789","1201211008",-84.92864,32.372142
"790","1203021517",-95.949377,41.255254
"791","1203031188",-95.950899,41.2663125
"792","1204112279",-79.895885,40.489537
"793","1204121409",-80.372243,40.774028
"794","1204500675",-79.759358,34.196998
"795","1204500676",-79.947297,32.784808
"796","1204511289",-82.6506,34.5069
"797","1204511293",-81.935539,34.968891
"798","1204521375",-79.759358,34.196998
"799","1204521376",-82.157215,34.175505
"800","1204600548",-96.712027,43.534171
"801","1204611294",-96.712027,43.534171
"802","1204621547",-103.237613,44.058627
"803","1204700726",-83.940718,35.946605
"804","1204700727",-89.862005,35.107954
"805","1204700729",-86.722005,36.076527
"806","1204721299",-84.4017,42.2465
"807","1204721410",-82.36827,36.303511
"808","1204721453",-89.86,35.1
"809","1204721463",-86.806424,36.166909
"810","1204731296",-71.2662,41.677
"811","1204731297",-82.55,36.55
"812","1204800712",-97.345235,32.735866
"813","1204800714",-98.236233,26.30074
"814","1204800715",-96.98,28.81
"815","1204800717",-94.96,32.99
"816","1204800718",-97.89,26.16
"817","1204800719",-97.6789,30.5082
"818","1204800721",-96.584912,33.71055725
"819","1204800722",-98.47,29.47
"820","1204800723",-99.473317,27.560237
"821","1204800724",-95.63,29.73
"822","1204800726",-97.13,32.68
"823","1204800728",-95.85,32.2
"824","1204811306",-95.39637,29.7105295
"825","1204811309",-106.437887,31.886913
"826","1204811311",-98.238717,26.187971
"827","1204811313",-97.2,31.55
"828","1204821305",-95.397713,29.712448
"829","1204821307",-95.62,29.6
"830","1204821310",-101.892443,33.589706
"831","1204821433",-96.826125,32.7606045
"832","1205712351",-105.578769,41.311837
"833","1200100728",-87.684336,30.426752
"834","1200111023",-86.640411,34.728416
"835","1200111024",-88.073085,30.681563
"836","1200121026",-87.03,32.43
"837","1200121027",-87.481125,33.1939035
"838","1200121624",-86.220587,32.346924
"839","1200131020",-86.667583,33.596236
"840","1200221596",-149.82,61.19
"841","1200300718",-114.634841,32.6832415
"842","1200300719",-110.26,31.53
"843","1200300720",-111.62,33.37
"844","1200300721",-111.669614,35.184578
"845","1200300722",-114.01,35.19
"846","1200312028",-112.065908,33.45271
"847","1200312030",-112.08,33.49
"848","1200312032",-110.9530625,32.236356
"849","1200321029",-112.1,33.52
"850","1200332031",-111.93,33.5
"851","1200400725",-92.320431,34.7494735
"852","1200400727",-91.79224,33.58036
"853","1200400728",-92.379721,34.744727
"854","1200400729",-92.471099,35.087905
"855","1200411037",-92.01,34.2
"856","1200421033",-92.320431,34.7494735
"857","1200421034",-94.4,35.39
"858","1200421406",-92.320431,34.7494735
"859","1200421527",-92.320431,34.7494735
"860","1200500001",-119.324707,36.165581
"861","1200500714",-119.347937,36.320822
"862","1200500731",-122.253288,38.130665
"863","1200500733",-122.38461,40.58405
"864","1200500734",-117.212242,34.076938
"865","1200500735",-120.412752,34.9510215
"866","1200500736",-117.130365,32.743022
"867","1200500737",-117.277058,34.134812
"868","1200500738",-118.958443800808,35.37880869
"869","1200500739",-122.051789,37.925874
"870","1200500740",-119.25,34.27
"871","1200500742",-118.130769,33.934791
"872","1200500743",-117.93,34.07
"873","1200511049",-118.442728,34.0652415
"874","1200511053",-118.533557,34.220302
"875","1200511059",-122.406837,37.761511
"876","1200511065",-122.7558,38.4823
"877","1200511068",-119.254048,34.276249
"878","1200512014",-117.51,33.39
"879","1200512040",-117.44,34.07
"880","1200512684",-121.95,37.32
"881","1200512705",-117.21355,32.74988
"882","1200513685",-119.666722,36.323377
"883","1200513703",-121.041109,37.685489
"884","1200521044",-118.187022,33.8082205
"885","1200521056",-121.6328495,36.6970595
"886","1200521058",-117.1628,32.7174
"887","1200521352",-118.048829,33.969367
"888","1200521372",-118.2301365,34.1505065
"889","1200521421",-122.26,37.87
"890","1200521458",-118.2656285,34.037356
"891","1201100735",-82.562845,27.496198
"892","1201100736",-82.72680125,27.80564925
"893","1201100741",-80.255434,25.728107
"894","1201100742",-80.3266345,25.8860775
"895","1201100743",-80.190579,25.810863
"896","1201100745",-80.3333,25.73702
"897","1201100746",-80.44,27.38
"898","1201100748",-81.420982,27.381879
"899","1201100749",-81.37406,28.552917
"900","1201111083",-81.008549,29.126499
"901","1201111085",-81.690118,30.307622
"902","1201111086",-84.2615665,30.4560695
"903","1201111088",-81.287301,28.603553
"904","1201111090",-82.642906,27.7632455
"905","1201112003",-86.554758,30.46191
"906","1201121015",-81.68365,30.208196
"907","1201121084",-82.348267,29.647456
"908","1201121087",-80.188469,25.812733
"909","1201211092",-84.9888,32.487
"910","1201211095",-81.08945025,32.03013925
"911","1201212093",-83.634966,32.841763
"912","1201221009",-82.125862,33.43083
"913","1201221091",-81.9878775,33.4708925
"914","1201221439",-84.4120955,33.743039
"915","1201221525",-84.1579475,31.590472
"916","1201221536",-84.340315,33.571935
"917","1201221562",-84.296486,33.93097
"918","1201221637",-81.9878775,33.4708925
"919","1201231094",-85.179318,34.259328
"920","1202121631",-90.1811185,30.0134425
"921","1202300556",-76.625072,39.28823
"922","1202300557",-77.686016,39.622596
"923","1202312155",-76.6385,39.2918
"924","1202321156",-76.625031,39.2892975
"925","1202421528",-71.1522,42.711847
"926","1202431159",-71.772234,42.585658
"927","1202431687",-71.07,42.43
"928","1202500733",-83.0526,42.3553
"929","1202500734",-84.67,43.38
"930","1202521175",-83.2058076,42.4605592
"931","1202521370",-87.414038,46.555705
"932","1202521374",-83.06,42.62
"933","1202521425",-83.683771,42.316221
"934","1202521573",-83.77,43
"935","1202521602",-85.6422005,44.7609365
"936","1202521690",-83.802469,42.567905
"937","1202521694",-83.055806,42.354346
"938","1202531171",-84.258647,43.634689
"939","1202531678",-83.3863,42.2814
"940","1202600654",-92.54,45.12
"941","1202611177",-93.2976121,44.9505695
"942","1202621586",-94.1642,45.5616
"943","1202621617",-93.39,44.94
"944","1202621650",-93.230739,44.971361
"945","1202631651",-93.23158,44.983064
"946","1202700559",-89.3296105,31.31864375
"947","1202700560",-88.67,32.37
"948","1202700561",-91.04,33.4
"949","1202721558",-88.716212,34.242105
"950","1202800707",-90.4329,38.6009
"951","1202800709",-92.1724,38.5774
"952","1202821183",-94.577936,39.006088
"953","1202821186",-90.4464985,38.6449325
"954","1202821422",-94.57629,39.033574
"955","1202821476",-93.28,37.21
"956","1202831704",-90.197835,38.628521
"957","1202900720",-113.98,46.87
"958","1202921590",-108.5,45.78
"959","1203021189",-95.949377,41.255254
"960","1203021498",-95.93,41.26
"961","1201421502",-157.8900725,21.360797
"962","1201500734",-116.7941935,47.69568875
"963","1201500735",-116.2644275,43.611472
"964","1201500736",-112.43386,42.860765
"965","1201500737",-111.991904,43.469886
"966","1201511097",-116.2644275,43.611472
"967","1201521521",-112.428022,42.866603
"968","1201521588",-116.2644275,43.611472
"969","1201521698",-116.2644275,43.611472
"970","1201600702",-87.8406,42.2586
"971","1201600704",-88.990845,40.497414
"972","1201600705",-87.6994475,41.900775
"973","1201600706",-88.34,41.89
"974","1201600707",-88.214906,40.1170655
"975","1201600710",-89.2501,41.2645
"976","1201600711",-87.720322,41.852953
"977","1201600712",-90.17,38.92
"978","1201611098",-87.7920865,41.832123
"979","1201611099",-89.2164,37.716717
"980","1201611103",-87.637375,41.934093
"981","1201611107",-87.8476475,42.0389065
"982","1201611110",-87.8868,41.798179
"983","1201611113",-89.597983,40.697735
"984","1201611675",-89.055025,42.283755
"985","1201612363",-87.57,41.77
"986","1201612693",-87.685295,41.907468
"987","1201612701",-87.69,41.92
"988","1201621109",-87.9211735,41.805441
"989","1201621117",-89.632379,39.758171
"990","1201621354",-88.94,39.88
"991","1201621365",-91.39,39.94
"992","1201621427",-89.95,38.59
"993","1201621604",-88.21,41.76
"994","1201621654",-87.82,42.09
"995","1201631112",-87.776114,41.891372
"996","1201631115",-89.597983,40.697735
"997","1201631618",-87.695154,41.860532
"998","1201700003",-84.89,39.83
"999","1201700718",-86.08,39.61
"1000","1201700719",-86.85,40.39
"1001","1201700720",-93.9966,30.9202
"1002","1201711123",-86.0188,39.854496
"1003","1201711125",-86.078722,39.648716
"1004","1201711127",-86.16,39.93
"1005","1201711128",-85.41580625,40.197133
"1006","1201711129",-86.253047,41.683556
"1007","1201711130",-86.149194,41.686512
"1008","1201711131",-87.407168,39.48576
"1009","1201721119",-87.5711795,37.983759
"1010","1201721121",-85.079762,41.105794
"1011","1201811134",-93.64213,41.6165095
"1012","1201821133",-90.593791,41.54376
"1013","1201821137",-96.42,42.52
"1014","1201821138",-92.33,42.46
"1015","1201821373",-93.18372,43.153824
"1016","1201821598",-93.726361,41.579286
"1017","1201831135",-93.6037,41.5911
"1018","1201911142",-97.3,37.72
"1019","1201921366",-97.61,38.8
"1020","1201921630",-97.3,37.72
"1021","1202000666",-84.620173,37.085806
"1022","1202000667",-82.5219165,37.470657
"1023","1202000669",-85.748992,38.248542
"1024","1202011143",-84.563353,39.01394
"1025","1202021144",-84.50048275,38.039481
"1026","1202021145",-85.748992,38.248542
"1027","1202021512",-84.5,38.04
"1028","1202021613",-85.748992,38.248542
"1029","1202031146",-87.493873,37.3391015
"1030","1202031663",-84.509599,38.0333835
"1031","1202111149",-92.046346,30.217418
"1032","1202111567",-93.704035,32.429483
"1033","1202113695",-91.17579,30.41252
"1034","1202121440",-91.17579,30.41252
"1035","1202121560",-91.153105,30.449138
"1036","1202121594",-91.17579,30.41252
"1037","1202611652",-93.07,44.96
"1038","1202612653",-93.11,44.96
"1039","1202621176",-92.08343,46.8190805
"1040","1202621526",-93.1,44.95
"1041","1202621568",-93.9979225,44.1461265
"1042","1205712369",-105.578769,41.311837
"1043","1200500744",-117.6860545,34.025582
"1044","1200500745",-122.7558,38.4823
"1045","1200500746",-121.82,37.24
"1046","1200500748",-123.2,39.15
"1047","1200500750",-119.87,36.81
"1048","1200500752",-118.25,33.93
"1049","1200500755",-124.141751,40.7839095
"1050","1200500759",-116.98,33.75
"1051","1200500760",-117.169009,33.614969
"1052","1200500762",-122.360936,37.937034
"1053","1200500764",-118.151377,34.005725
"1054","1200500765",-121.499548,38.582549
"1055","1200500767",-120.77,38.35
"1056","1200500768",-116.5439805625,33.8390001875
"1057","1200500769",-118.21,34.05
"1058","1200511001",-121.9637545,38.269629
"1059","1201400650",-155.11265225,19.71827825
"1060","1201421541",-157.93854,21.384544
"1061","1202121641",-91.17579,30.41252
"1062","1202131566",-91.17579,30.41252
"1063","1202211153",-70.2146175,44.101583
"1064","1202212152",-68.7778,44.8012
"1065","1202222151",-69.79,44.35
"1066","1202500735",-86.48,42.11
"1067","1202500738",-83.323997,42.446676
"1068","1202500741",-83.087921,42.493755
"1069","1202500743",-83.07,42.36
"1070","1202500744",-82.896946,42.587494
"1071","1202500746",-83.8878555,43.5996915
"1072","1202500747",-85.18,42.32
"1073","1202511163",-82.913444,42.466348
"1074","1202512172",-83.309436,42.635444
"1075","1202521167",-85.640442,42.979297
"1076","1202521168",-82.892806,42.3944375
"1077","1202521169",-85.580226,42.290067
"1078","1202521170",-84.536108,42.733784
"1079","1203031187",-96.655526,40.80385
"1080","4400121020P",-86.88,33.48
"1081","4400121022P",-86.802087,33.506034
"1082","4400312420P",-112.08,33.49
"1083","4400322025P",-112.0483,33.0572
"1084","4400511047P",-118.1528765,34.1340695
"1085","4400521034P",-117.2619795,34.052225
"1086","4400521048P",-117.23892,32.879793
"1087","4400521052P",-122.458398,37.763313
"1088","4400521389P",-122.26,37.87
"1089","4400531425P",-117.35101675,34.073752
"1090","4400811066P",-72.834756,41.414554
"1091","4400813428P",-73.444713,41.405205
"1092","4400821064P",-72.918234,41.319942
"1093","4400821364P",-73.53888,41.048741
"1094","4400821390P",-72.2481995,41.8070105
"1095","4400831065P",-73.037026,41.552982
"1096","4401000072P",-77.0616995,38.90302
"1097","4401100436P",-80.100378,26.373359
"1098","4401100446P",-82.689033,28.361314
"1099","4401113432P",-80.3644425,26.0824995
"1100","4401121431P",-80.091992,26.598394
"1101","4401122075P",-80.139356,25.814095
"1102","4401222080P",-84.373643,33.763063
"1103","4401231082P",-81.9878775,33.4708925
"1104","4401621102P",-89.632379,39.758171
"1105","4401621385P",-89.597983,40.697735
"1106","4401631096P",-89.597983,40.697735
"1107","4401822105P",-93.62,41.59
"1108","4402321127P",-76.47191,39.367671
"1109","4402322123P",-76.674304,39.274285
"1110","4402511157P",-83.2760055,42.6145245
"1111","4402521141P",-83.683771,42.316221
"1112","4402521386P",-84.5352265,42.7340835
"1113","4402521400P",-85.580226,42.290067
"1114","4402821171P",-90.2672095,38.6282235
"1115","4403021176P",-95.949377,41.255254
"1116","4403031175P",-95.950899,41.2663125
"1117","4403311183P",-74.5042,40.784611
"1118","4403500438P",-73.94510725,40.7848575
"1119","4403500451P",-73.700988,40.747127
"1120","4403500452P",-73.1182325,40.9132405
"1121","4403511206P",-73.9,40.85
"1122","4403511214P",-73.9403585,40.814316
"1123","4403511217P",-73.9662,40.7676
"1124","4403513411P",-73.6932,40.7432
"1125","4403521227P",-73.8054525,41.086446
"1126","4403521242P",-73.124151,40.914502
"1127","4403531197P",-74.923445,42.695726
"1128","4403631249P",-77.922619,34.2055025
"1129","4403721379P",-97.070609,47.921819
"1130","4403821251P",-81.498055,41.078537
"1131","4403821255P",-84.50352,39.13674
"1132","4403821399P",-81.606296,41.505284
"1133","4403831253P",-84.5212965,39.1398705
"1134","4403921273P",-97.44,35.21
"1135","4404111296P",-75.261936,39.988217
"1136","4404112279P",-75.12041,40.1193845
"1137","4404112305P",-80.004753,40.4332525
"1138","4404121280P",-75.471809,40.58206
"1139","4404121283P",-75.779243,41.62648
"1140","4404121384P",-76.879539,40.256838
"1141","4404131284P",-75.21,40.69
"1142","4404131297P",-75.26,39.92
"1143","4404221435P",-66.61,17.99
"1144","4404721327P",-86.8014455,36.141713
"1145","4404721377P",-82.36827,36.303511
"1146","4404800434P",-98.171504,26.30782
"1147","4404812329P",-96.826125,32.7606045
"1148","4404821331P",-96.858624,32.811842
"1149","4404822335P",-95.4000015,29.7103995
"1150","4405131345P",-79.942948,37.257428
"1151","4405432347P",-122.32143,47.607481
"1152","4405621355P",-89.408095,43.0732435
"1153","4400512053C",-119.7231375,34.430364
"1154","4400700059C",-105.0846,39.7087
"1155","4401100444C",-80.11,26.19
"1156","4401221083C",-83.634966,32.841763
"1157","4401421085C",-157.817621,21.2974225
"1158","4401621101C",-89.597983,40.697735
"1159","4401700437C",-86.16,39.93
"1160","4402000114C",-86.4436,36.9903
"1161","4402321417C",-76.66098,39.352472
"1162","4402500422C",-82.896946,42.587494
"1163","4402511140C",-83.653212,42.26432
"1164","4402800389C",-94.27,39.01
"1165","4403300195C",-74.041382,40.2084695
"1166","4403321182C",-73.9851945,40.2956095
"1167","4403500445C",-73.9177835,40.633596
"1168","4403600420C",-82.54393,35.5605345
"1169","4403800400C",-83.542978,41.668705
"1170","4403800403C",-81.5108845,41.1330345
"1171","4403811270C",-80.649369,41.100591
"1172","4403821266C",-84.18,39.74
"1173","4403831254C",-84.42928,39.213424
"1174","4404100400C",-75.21681,40.004719
"1175","4404100402C",-80.5,41.22
"1176","4404100403C",-76.82,40.28
"1177","4404100407C",-75.94,40.32
"1178","4404600001C",-96.928386,42.782099
"1179","4404700378C",-83.940718,35.946605
"1180","4404800001C",-97.343809,32.730787
"1181","4404800002C",-97.742881,30.262443
"1182","4404800438C",-95.28,32.34
"1183","4405400350C",-122.447459,47.2453235
"1184","4405631356C",-90.177848,44.67768
"1185","4400300429C",-112.07,33.57
"1186","4400300430C",-112.23,33.64
"1187","4400700060C",-104.9809775,39.65383425
"1188","4400700061C",-104.8710415,39.5291185
"1189","4401100449C",-80.2331,26.1276
"1190","4401112416C",-81.38,28.58
"1191","4401600079C",-87.676112,41.506897
"1192","4401900388C",-94.651723,38.9106445
"1193","4402300418C",-76.5349035,38.9905055
"1194","4402400410C",-73.2491425,42.459631
"1195","4402500411C",-84.3934965,42.2504665
"1196","4402500415C",-83.27,42.3
"1197","4402500418C",-83.1808315,42.4193615
"1198","4402500419C",-83.3141465,42.3322315
"1199","4403300194C",-74.13264,40.592343
"1200","4403500443C",-73.825296,40.746599
"1201","4403600421C",-78.8934895,35.073333
"1202","4403800405C",-81.490848,41.470058
"1203","4404100399C",-75.885665,41.244851
"1204","4404100406C",-75.17,39.95
"1205","4404800439C",-95.1846,30.0497
"1206","4405121412C",-77.22675,38.85781
"1207","2800121010",-86.802087,33.506034
"1208","2800821025",-72.2481995,41.8070105
"1209","2801411116",-157.889096,21.360391
"1210","2801621034",-87.669128375,41.87411425
"1211","2801621118",-89.65,39.82
"1212","2802521052",-83.683771,42.316221
"1213","2803021061",-95.949377,41.255254
"1214","2803421126",-106.618163,35.09026
"1215","2803513135",-78.8187,42.9547
"1216","2803621080",-79.0500079375,35.907882
"1217","2803800129",-80.660291,40.994819
"1218","2803821083",-84.50352,39.13674
"1219","2804100142",-75.21681,40.004719
"1220","2804811103",-95.397713,29.712448
"1221","2805621114",-89.408095,43.0732435
"1222","2800511007",-117.145428,32.7252795
"1223","2800522020",-122.2714,37.8045
"1224","2801031132",-77.101989,39.002851
"1225","2801221031",-84.322477,33.792274
"1226","2802421049",-71.070469,42.362711
"1227","2802500143",-83.054519,42.352291875
"1228","2803300064",-75.13,39.94
"1229","2803500142",-73.953275,40.7898205
"1230","2803511074",-73.942841,40.8414
"1231","2803800125",-83.13805,39.952612
"1232","2803831087",-83.0122685,40.0010725
"1233","2804112090",-75.779243,41.62648
"1234","7000532130",-118.442728,34.0652415
"1235","7000700001",-104.839141,39.7446595
"1236","7000914009",-75.67155,39.690878
"1237","7002014019",-84.50048275,38.039481
"1238","7002414084",-71.1041825,42.3364885
"1239","7002414097",-71.0685065,42.3626695
"1240","7002514025",-83.683771,42.316221
"1241","7002532030",-83.704857,43.021908
"1242","7003014136",-95.949377,41.255254
"1243","7003514044",-73.751231,42.774311
"1244","7003532093",-73.124151,40.914502
"1245","7003632055",-79.0500079375,35.907882
"1246","7003814063",-82.962376,39.970459
"1247","7004114068",-75.779243,41.62648
"1248","7004232145",-66.073805,18.394599
"1249","7005132077",-77.430144,37.5404765
"1250","1400100900C",-85.4,31.19
"1251","1400100901C",-87.65094,34.804411
"1252","1400100902C",-87.889679,30.5188
"1253","1400100903C",-85.404098,32.638826
"1254","1400121447C",-86.3006,32.367
"1255","1400300539C",-112.001163,34.719634
"1256","1400500915C",-117.35101675,34.073752
"1257","1400500919C",-116.98,33.75
"1258","1400500921C",-118.19329175,33.807236
"1259","1400500922C",-117.96,33.83
"1260","1400500923C",-119.7629,36.840384
"1261","1400500929C",-117.047362,32.558837
"1262","1400500931C",-118.883265,34.207655
"1263","1400500933C",-119.02816,36.070629
"1264","1400511057C",-117.160227,32.7514965
"1265","1400511070C",-118.293465,33.8300865
"1266","1400512052C",-83.17,42.79
"1267","1400512060C",-122.463,37.7648
"1268","1400512062C",-122.42,37.79
"1269","1400521047C",-118.446173,34.325861
"1270","1400521067C",-121.98,37.35
"1271","1400521068C",-122.1601755,37.42320875
"1272","1400521490C",-117.242767,32.897283
"1273","1401200929C",-84.551249,33.9693995
"1274","1401200930C",-85.19467825,34.27702425
"1275","1401221502C",-84.4120955,33.743039
"1276","1401400904C",-157.899818,21.362941
"1277","1401512544C",-116.2044,43.615
"1278","1401600543C",-88.27,42.34
"1279","1401600545C",-87.8816185,41.12479975
"1280","1401600547C",-88.99,42.31
"1281","1401611116C",-87.62,41.86
"1282","1401611126C",-87.684012,42.0247535
"1283","1401621111C",-87.8581,42.300587
"1284","1401621129C",-87.7581,41.7109
"1285","1401621132C",-89.632379,39.758171
"1286","1401631125C",-87.68,42.05
"1287","1401700138C",-79.1525,40.6215
"1288","1401800140C",-93.216875,43.15043
"1289","1401831137C",-93.633013,41.58586
"1290","1402000143C",-84.620173,37.085806
"1291","1402000145C",-82.802603,37.111459
"1292","1402121537C",-90.688408,29.569897
"1293","1402131543C",-91.094452,30.393406
"1294","1402300490C",-77.22219,39.156225
"1295","1402311150C",-76.58,39.28
"1296","1402311154C",-76.621193,39.299549
"1297","1402312159C",-76.47191,39.367671
"1298","1402411166C",-71.09,42.29
"1299","1402411169C",-71.0685065,42.3626695
"1300","1402411176C",-71.134117,42.374046
"1301","1402411183C",-71.7966435,42.2645835
"1302","1402412180C",-70.89,42.52
"1303","1402421177C",-71.4191655,42.28473
"1304","1402500919C",-83.498636,42.592534
"1305","1402511191C",-82.914537,42.419641
"1306","1402512186C",-83.71627,42.293102
"1307","1402521195C",-84.481054,42.7265225
"1308","1402521471C",-83.77,43
"1309","1402531188C",-83.27,42.3
"1310","1402531196C",-83.704857,43.021908
"1311","1402631204C",-93.260636125,44.95405
"1312","1402700211C",-88.42,33.5
"1313","1402700213C",-88.716212,34.242105
"1314","1402721209C",-90.174391,32.3287775
"1315","1400100893C",-86.802087,33.506034
"1316","1400321029C",-110.946481,32.239905
"1317","1400400541C",-90.68,35.84
"1318","1400400924C",-91.79224,33.58036
"1319","1400400925C",-91.73472,35.25583
"1320","1400400926C",-90.67,35.85
"1321","1400400927C",-91.697553,35.252019
"1322","1400400929C",-93.066795,34.469452
"1323","1400500902C",-117.44,34.07
"1324","1400500903C",-117.2007,33.8879
"1325","1400522063C",-122.43,37.77
"1326","1400531039C",-118.190091,33.788783
"1327","1400531065C",-121.933756,37.313477
"1328","1400700074C",-104.6122085,38.2821365
"1329","1400700075C",-104.88,39.56
"1330","1400800910C",-73.0593135,41.5594755
"1331","1400811074C",-73.18,41.21
"1332","1400811075C",-73.19,41.2
"1333","1400821079C",-73.63035,41.034716
"1334","1400831077C",-73.088704,41.335417
"1335","1400831078C",-72.2481995,41.8070105
"1336","1400831086C",-73.4218785,41.111785
"1337","1401100894C",-84.301138,30.443535
"1338","1401100909C",-81.2013415,28.6014075
"1339","1401100929C",-80.11,26.19
"1340","1401100942C",-81.782693,26.271855
"1341","1401100943C",-82.701957,27.825965
"1342","1401100944C",-82.622645,27.482276
"1343","1401100947C",-82.5295,27.3131
"1344","1401100949C",-87.21,30.48
"1345","1401100950C",-80.187493,26.031384
"1346","1401100955C",-80.2064,26.2445
"1347","1401100956C",-82.33552,28.833598
"1348","1401100959C",-95.3755,30.9452
"1349","1401131539C",-81.401077,28.597473
"1350","1401200926C",-85.09,33.57
"1351","1401200928C",-83.3987955,33.9612885
"1352","1402800917C",-94.659013,38.929462
"1353","1402811220C",-90.304074,38.633457
"1354","1402821219C",-90.5089259,38.6558132
"1355","1402831217C",-90.4464985,38.6449325
"1356","1402900919C",-108.584264,45.77049
"1357","1403021222C",-95.950899,41.2663125
"1358","1403021224C",-95.949377,41.255254
"1359","1403121483C",-119.816151,39.5426955
"1360","1403300532C",-74.174222,40.743598
"1361","1403311234C",-74.22,40.82
"1362","1403311245C",-74.3515,40.7126
"1363","1403313523C",-74.74,40.22
"1364","1403321228C",-73.98,40.9
"1365","1403321232C",-74.049496,40.715701
"1366","1403321243C",-74.449174,40.494683
"1367","1403321246C",-74.751941,40.235882
"1368","1403321466C",-74.280323,40.51876
"1369","1403321498C",-74.214683,40.658525
"1370","1403321531C",-74.449174,40.494683
"1371","1403400248C",-106.728992,32.323282
"1372","1403500921C",-74.006359,40.642394
"1373","1403500922C",-73.0693,40.9465
"1374","1403500924C",-73.885914,40.968487
"1375","1403500931C",-76.466398,42.479597
"1376","1403511258C",-73.88001,40.880879
"1377","1403511261C",-73.953275,40.7898205
"1378","1403511268C",-73.953275,40.7898205
"1379","1403511269C",-73.96548,40.585468
"1380","1403511303C",-74.1069255,40.6358695
"1381","1403521251C",-78.85,42.93
"1382","1403521285C",-73.88001,40.880879
"1383","1403521287C",-73.88001,40.880879
"1384","1403521468C",-73.8501,40.7162
"1385","1403521510C",-73.953275,40.7898205
"1386","1403531252C",-78.78069,43.000448
"1387","1403531290C",-73.953275,40.7898205
"1388","1403531314C",-77.5865035,43.192352
"1389","1403531517C",-73.953275,40.7898205
"1390","1403531521C",-73.8454565,40.85072
"1391","1403531527C",-77.704886,43.192106
"1392","1403600326C",-81.654407,35.726613
"1393","1403600328C",-77.95,34.24
"1394","1403600329C",-78.738958,35.4091335
"1395","1403600332C",-78.62,35.79
"1396","1403621318C",-79.0500079375,35.907882
"1397","1403721326C",-96.8,46.89
"1398","1403800537C",-81.490848,41.470058
"1399","1403800541C",-81.5101,41.5528
"1400","1403800542C",-81.757858,41.365909
"1401","1403811327C",-81.498055,41.078537
"1402","1403811331C",-84.51078,39.12109
"1403","1403811338C",-81.6733565,41.49629
"1404","1403821330C",-81.403475,40.796062
"1405","1403821334C",-84.50352,39.13674
"1406","1403821340C",-81.82,41.45
"1407","1403821347C",-84.1922365,39.6960795
"1408","1403900353C",-96.006721,36.137667
"1409","1403900355C",-94.97,35.92
"1410","1404011353C",-122.6705175,45.5434795
"1411","1404031355C",-122.6742,45.5202
"1412","1404031356C",-122.78,45.51
"1413","1404100903C",-75.042533,40.05908
"1414","1404100904C",-75.3163295,40.140511
"1415","1404100907C",-74.924624,40.202208
"1416","1404100912C",-75.885665,41.244851
"1417","1404111362C",-76.604858,40.968596
"1418","1404111365C",-76.824279,40.233431
"1419","1404111376C",-75.1937415,39.950074
"1420","1404112389C",-76.53,41.99
"1421","1404121379C",-75.16,39.95
"1422","1404211453C",-66.62,18
"1423","1404212452C",-66.18,18.35
"1424","1404221488C",-67.05,18.08
"1425","1404231398C",-66.1,18.39
"1426","1404300474C",-71.47953,41.70412
"1427","1404331401C",-71.4352685,41.8349125
"1428","1404500407C",-80.07,32.98
"1429","1404621406C",-96.735835,43.5255875
"1430","1404700479C",-86.802246,36.150658
"1431","1404721478C",-86.814738,36.109328
"1432","1404731414C",-86.8014455,36.141713
"1433","1404800890C",-94.74,32.49
"1434","1404800892C",-97.321368,27.71234
"1435","1404800896C",-97.777883,32.740138
"1436","1404800900C",-106.265119,31.765314
"1437","1404800904C",-98.44,29.35
"1438","1404800905C",-106.564644,31.904627
"1439","1404800906C",-97.9599628,26.145846
"1440","1404800908C",-97.34,32.74
"1441","1404811420C",-96.763522,32.877309
"1442","1404812008C",-106.462315,31.8215405
"1443","1404812417C",-96.826125,32.7606045
"1444","1404821419C",-96.858624,32.811842
"1445","1404821421C",-95.397713,29.712448
"1446","1404821524C",-97.666539,26.173991
"1447","1405100435C",-77.22675,38.85781
"1448","1405100437C",-82.64314675,36.93205925
"1449","1405100899C",-79.405701,36.577812
"1450","1405400439C",-122.332910214945,48.3824595841088
"1451","1405400442C",-122.21,47.98
"1452","1405412435C",-122.278485,47.82505
"1453","1405431436C",-117.4247,47.6589
"1454","1405500443C",-80.7144445663771,38.7432593107
"1455","1405511440C",-79.964403,39.640968
"1456","1405621443C",-89.408095,43.0732435
"1457","1405621446C",-87.909692,43.051673
"1458","1402331152P",-76.625051,39.390878
"1459","1403521487P",-73.94249475,40.7001185
"1460","4160100001",-86.802087,33.506034
"1461","4160300001",-110.946481,32.239905
"1462","4160500003",-122.1601755,37.42320875
"1463","4160500004",-117.89,33.78
"1464","4160500006",-122.45845,37.763328
"1465","4160500010",-118.13822,34.14685
"1466","4160800001",-72.9357465,41.303435
"1467","4160900001",-75.660693,39.687414
"1468","4161100003",-82.404477,28.058452
"1469","4161600005",-87.622998,41.895318
"1470","4162100001",-90.078682,29.955959
"1471","4162100002",-93.76,32.48
"1472","4162300001",-76.6204945,39.3289375
"1473","4162300002",-76.625031,39.2892975
"1474","4162400004",-71.7630205,42.2771775
"1475","4162500001",-83.683771,42.316221
"1476","4162500004",-83.08463,42.3672465
"1477","4162600002",-93.231215,44.973353
"1478","4162800001",-90.306719,38.6482235
"1479","4162800002",-90.197835,38.628521
"1480","4163000001",-95.949377,41.255254
"1481","4163200001",-72.25222,43.642221
"1482","4163500009",-77.623242,43.122876
"1483","4163500010",-73.88001,40.880879
"1484","4163500015",-73.060563,40.946633
"1485","4163600002",-78.9374355,36.0071165
"1486","4163600003",-80.2694205,36.089458
"1487","4164000001",-122.685914,45.499799
"1488","4164100007",-75.779243,41.62648
"1489","4164800001",-96.858624,32.811842
"1490","4164800003",-95.403086,29.703271
"1491","4165100001",-78.5222,38.041
"1492","4165400001",-122.30622,47.64938
"1493","4165600002",-89.408095,43.0732435
"1494","4165600003",-87.954578,42.994604
"1495","1861012008",-77.014023,38.92728
"1496","1862321001",-76.6204945,39.3289375
"1497","1600121003",-86.802087,33.506034
"1498","1600300113",-112.0773,33.4486
"1499","1600312004",-112.0795295,33.48201
"1500","1600321112",-110.946481,32.239905
"1501","1600521010",-118.442728,34.0652415
"1502","1600521100",-117.23892,32.879793
"1503","1600800016",-72.706766,41.772433
"1504","1600821015",-72.918234,41.319942
"1505","1601600568",-89.657962,39.810091
"1506","1602121033",-90.1280625,29.9177355
"1507","1602313129",-77.099131,39.004425
"1508","1602400132",-71.09,42.34
"1509","1602421036",-71.106012,42.338195
"1510","1602500136",-83.191595,42.513995
"1511","1602521039",-83.683771,42.316221
"1512","1603021111",-95.949377,41.255254
"1513","1603500134",-73.1182325,40.9132405
"1514","1603521050",-78.792467,43.000632
"1515","1603600062",-80.83866075,35.203828
"1516","1603611061",-80.265921,36.089499
"1517","1603821064",-84.50352,39.13674
"1518","1603821067",-83.0122685,40.0010725
"1519","1604100135",-75.779243,41.62648
"1520","1604721081",-86.8014455,36.141713
"1521","1604800127",-97.363988,31.077638
"1522","1604821083",-95.397713,29.712448
"1523","1605100092",-79.942948,37.257428
"1524","1800821139",-72.2481995,41.8070105
"1525","1801100155",-81.2013415,28.6014075
"1526","1803000063",-95.950899,41.2663125
"1527","1803021062",-95.949377,41.255254
"1528","1803100153",-115.166977,36.162914
"1529","1803321064",-74.16954275,40.75802975
"1530","1803321142",-74.35554,40.517168
"1531","1803513155",-73.953275,40.7898205
"1532","1803521077",-73.985033,40.74711
"1533","1803700001",-97.067865,47.931788
"1534","1803800144",-84.18,39.74
"1535","1803821089",-81.606296,41.505284
"1536","1804100166",-75.779243,41.62648
"1537","1804111096",-76.6752245,40.265215
"1538","1804811109",-95.397713,29.712448
"1539","1804813163",-101.892443,33.589706
"1540","1804821108",-96.858624,32.811842
"1541","1805011114",-73.194033,44.479489
"1542","1805121116",-77.430144,37.5404765
"1543","1801221028",-84.322477,33.792274
"1544","1801600568",-88.938834,40.518491
"1545","1801621034",-87.601677,41.792542
"1546","1801621134",-89.632379,39.758171
"1547","1801621147",-89.597983,40.697735
"1548","1802021041",-84.50048275,38.039481
"1549","1802431050",-71.0685065,42.3626695
"1550","1802500151",-83.087244,42.493725
"1551","1802500153",-83.323997,42.446676
"1552","1802531052",-83.683771,42.316221
"1553","2203331365",-74.5042,40.784611
"1554","2203511204",-73.953275,40.7898205
"1555","2203521171",-78.792467,43.000632
"1556","2203521186",-73.816334,40.70032525
"1557","2203521199",-73.974,40.7383
"1558","2203911239",-97.44,35.21
"1559","2204800362",-106.265119,31.765314
"1560","2204812360",-97.735642,30.2853755
"1561","2204821285",-97.74,30.29
"1562","2204821356",-98.449573,29.448592
"1563","2204831282",-96.858624,32.811842
"1564","2205412010",-122.551932,47.109684
"1565","2205511303",-81.6333,38.3506
"1566","2205511304",-79.964403,39.640968
"1567","2205612308",-87.909692,43.051673
"1568","2200111018",-86.802087,33.506034
"1569","2200321024",-112.065908,33.45271
"1570","2200500336",-120.412752,34.9510215
"1571","2200521048",-122.1601755,37.42320875
"1572","2200811059",-72.7,41.77
"1573","2200821355",-72.2481995,41.8070105
"1574","2201100077",-81.2013415,28.6014075
"1575","2201100082",-87.2169,30.4213
"1576","2201111074",-82.642906,27.7632455
"1577","2201121073",-87.21,30.48
"1578","2201211080",-81.08945025,32.03013925
"1579","2201412007",-157.889096,21.360391
"1580","2201431081",-157.817621,21.2974225
"1581","2201611088",-87.695154,41.860532
"1582","2201621094",-87.68,42.02
"1583","2201900105",-94.726021,38.937603
"1584","2202111110",-93.704035,32.429483
"1585","2202113364",-91.186746,30.454471
"1586","2202122109",-90.095984,29.92604
"1587","2202411125",-71.09,42.34
"1588","2202531132",-83.683771,42.316221
"1589","2202531143",-84.5352265,42.7340835
"1590","2202811152",-92.3281905,38.9459185
"1591","2202822158",-90.19,38.63
"1592","2203021160",-95.950899,41.2663125
"1593","2203021161",-95.949377,41.255254
"1594","2203500370",-73.25,40.72
"1595","2203521316",-73.124151,40.914502
"1596","2203600370",-78.8787,35.053
"1597","2203621216",-79.0500079375,35.907882
"1598","2203811228",-84.5212965,39.1398705
"1599","2203811234",-83.01,40
"1600","2203821229",-84.50352,39.13674
"1601","2203900243",-96.029732,36.096539
"1602","2203921240",-95.922954,36.076383
"1603","2204111261",-80.004753,40.4332525
"1604","2204112245",-75.779243,41.62648
"1605","2204212267",-66.0571,18.3744
"1606","2204321269",-71.41254,41.810716
"1607","2204700362",-83.940718,35.946605
"1608","2204721278",-86.8014455,36.141713
"1609","2205100301",-77.22675,38.85781
"1610","2205121298",-76.3014135,36.861366
"1611","2604100215",-76.816849,40.284303
"1612","2604122156",-80.08786,42.133151
"1613","2604700225",-82.36827,36.303511
"1614","2604721061",-90.01,35.14
"1615","2604800223",-97.73,30.28
"1616","2604821032",-96.858624,32.811842
"1617","2604821198",-106.462315,31.8215405
"1618","2604832117",-98.449573,29.448592
"1619","2604931034",-111.831441,40.758098
"1620","2600100183",-85.008865,32.508087
"1621","2600500222",-121.001264,37.664668
"1622","2600513217",-119.77839,36.808802
"1623","2600521098",-122.23,37.49
"1624","2600521109",-117.23892,32.879793
"1625","2600821172",-72.2481995,41.8070105
"1626","2601121062",-81.67,30.35
"1627","2601121123",-82.348267,29.647456
"1628","2602331087",-76.61502,39.329488
"1629","2602421011",-71.0685065,42.3626695
"1630","2602500217",-83.323997,42.446676
"1631","2602500226",-83.184552,42.535994
"1632","2602521126",-85.580226,42.290067
"1633","2602621080",-93.23994275,44.974447
"1634","2603021001",-95.949377,41.255254
"1635","2603500224",-73.47,40.78
"1636","2603512125",-73.98304,40.734397
"1637","2603521022",-73.95342875,40.76538475
"1638","2603521055",-73.80348,42.683512
"1639","2603521181",-73.124151,40.914502
"1640","2603531185",-73.9440905,40.6566565
"1641","2603621077",-80.265921,36.089499
"1642","2603700001",-97.067865,47.931788
"1643","2603800182",-80.649369,41.100591
"1644","2603800184",-81.6088695,41.504263
"1645","2603821015",-81.498055,41.078537
"1646","2603821017",-84.50352,39.13674
"1647","2603921053",-97.44,35.21
"1648","3000121017",-86.88,33.48
"1649","3000511047",-118.293465,33.8300865
"1650","3000811059",-72.680535,41.7545395
"1651","3002312015",-77.099131,39.004425
"1652","3002431143",-71.0685065,42.3626695
"1653","3002521173",-83.184552,42.535994
"1654","3003021195",-95.950899,41.2663125
"1655","3003821277",-81.606296,41.505284
"1656","3004100398",-75.779243,41.62648
"1657","3000321023",-110.946481,32.239905
"1658","3000511034",-118.442728,34.0652415
"1659","3000521040",-117.16,32.75
"1660","3000712048",-104.82175,38.865536
"1661","3003321418",-74.304805,40.763357
"1662","3003521396",-73.124151,40.914502
"1663","3003821276",-84.50352,39.13674
"1664","3001131078",-82.430086,28.05545
"1665","3002521158",-83.683771,42.316221
"1666","3003521245",-73.5978385,40.7177825
"1667","3003611267",-79.0500079375,35.907882
"1668","3003611270",-80.265921,36.089499
"1669","3003811290",-83.614522,41.660137875
"1670","3004121324",-79.917077,40.427467
"1671","3004721341",-86.8014455,36.141713
"1672","3004811345",-96.858624,32.811842
"1673","3005111362",-78.5222,38.041
"1674","3005111366",-77.430144,37.5404765
"1675","3005421367",-122.3076595,47.654538
"1676","3200531034",-122.27,37.83
"1677","3201021051",-77.014023,38.92728
"1678","3201100434",-80.251385,26.684269
"1679","3201612077",-87.8465695,42.039007
"1680","3201621382",-87.732121,41.722757
"1681","3202421403",-71.09,42.34
"1682","3202521110",-83.05478425,42.35159790625
"1683","3202811124",-94.5780295,39.084895
"1684","3203321412",-74.467107,40.78928
"1685","3203511161",-73.953275,40.7898205
"1686","3203811184",-81.524456,41.078549
"1687","3203821367",-81.61,41.51
"1688","3203831189",-81.6200375,41.502617
"1689","3204121205",-75.194686,39.947738
"1690","3204211215",-66.6185,18.073
"1691","3204800422",-98.54073,29.425884
"1692","3204811229",-97.386336,27.7484545
"1693","3204821232",-95.39637,29.7105295
"1694","3205121240",-76.3014135,36.861366
"1695","3201100428",-82.6410595,27.76329
"1696","3201100432",-80.187493,26.031384
"1697","3201100433",-81.2732945,28.3768615
"1698","3201112057",-80.29432,25.741658875
"1699","3201221062",-81.9878775,33.4708925
"1700","3202146422",-91.09,30.39
"1701","3203311134",-74.040317,40.208342
"1702","3203521157",-73.996422,40.630501
"1703","3203900199",-95.780028,36.066673
"1704","3204121426",-75.471809,40.58206
"1705","3205121399",-77.226388375,38.857765
"1706","3200300372",-110.868941,32.243731
"1707","3200321021",-110.946481,32.239905
"1708","3200512425",-117.89,33.78
"1709","3200521032",-118.442728,34.0652415
"1710","3200521040",-122.458398,37.763313
"1711","3200521041",-122.175539,37.433599
"1712","3200531036",-117.1628,32.7174
"1713","3200821045",-72.684952,41.751151
"1714","3201621079",-89.632379,39.758171
"1715","3202121092",-90.19078,29.9783545
"1716","3202521116",-85.6654235,42.970313
"1717","3203321362",-74.179872,40.721067
"1718","3203331419",-74.45958,40.501154
"1719","3204112209",-75.124541,40.0067055
"1720","3204121210",-75.54,39.83
"1721","3204200256",-66.13,18.42
"1722","3204211216",-66.0571,18.3744
"1723","3204821236",-97.3428,31.0982
"1724","3204821406",-98.459558,29.445376
"1725","3200500426",-119.80070895,36.8840285
"1726","3200821046",-72.918234,41.319942
"1727","3201121055",-82.41,28.06
"1728","3201131058",-81.2013415,28.6014075
"1729","3201921086",-97.26,37.72
"1730","3202521109",-83.683771,42.316221
"1731","3203500424",-73.917391,40.7041845
"1732","3203521155",-73.708631,40.753643
"1733","3203821193",-84.13,39.8
"1734","3204631424",-96.735835,43.5255875
"1735","3204721227",-86.8014455,36.141713
"1736","3204811231",-95.397713,29.712448
"1737","3205621247",-89.408095,43.0732435
"1738","3620821015",-72.918234,41.319942
"1739","3622021033",-84.50048275,38.039481
"1740","3622700001",-90.173526,32.330073
"1741","3623600156",-79.0500079375,35.907882
"1742","3624700001",-90.032531,35.138096
"1743","3624821097",-96.858624,32.811842
"1744","3625500001",-79.958453,39.648561
"1745","3625621109",-89.408095,43.0732435
"1746","3620100001",-86.802087,33.506034
"1747","3620500156",-122.458398,37.763313
"1748","3620500159",-117.16,32.75
"1749","3621200001",-84.322477,33.792274
"1750","3622321037",-76.625072,39.28823
"1751","3622421135",-71.1041825,42.3364885
"1752","3623500152",-73.96,40.76
"1753","3623500154",-73.953275,40.7898205
"1754","3623500157",-73.88001,40.880879
"1755","3623500158",-73.61,40.74
"1756","3623821112",-84.50352,39.13674
"1757","3624300150",-71.403962,41.8261575
"1758","3624500001",-79.947297,32.784808
"1759","3403500105",-73.752179,41.0160625
"1760","3403500106",-73.65,40.66
"1761","3403521103",-73.0676215,40.943754
"1762","3403522041",-73.9440905,40.6566565
"1763","3404100090",-75.779243,41.62648
"1764","3404100091",-75.97,40.35
"1765","3404100092",-75.120418,40.035597
"1766","3404121056",-75.1513485,40.0050125
"1767","3404121058",-75.173279,39.94445
"1768","3404700100",-86.8014455,36.141713
"1769","3404821065",-96.858624,32.811842
"1770","3405121089",-78.5222,38.041
"1771","3405400001",-117.413008,47.649208
"1772","3400300001",-111.89,33.58
"1773","3400500078",-117.75,34.06
"1774","3400521007",-118.2439,34.0544
"1775","3401021087",-77.03,38.93
"1776","3401100112",-82.348267,29.647456
"1777","3401113106",-82.428308,28.064118
"1778","3401621097",-88.138032,41.857943
"1779","3401622012",-87.695282,41.8621955
"1780","3402421094",-71.049051,42.3786855
"1781","3402500109",-85.6622785,42.956363
"1782","3402512108",-83.26,42.2
"1783","3402521025",-83.826149,42.2878
"1784","3402811032",-90.306719,38.6482235
"1785","4003500315",-73.9375645,40.6782245
"1786","4003500318",-72.360169,41.102294
"1787","4003500319",-73.6852,41.4148
"1788","4003511147",-73.96,40.76
"1789","4004800302",-95.27,32.38
"1790","4004800308",-96.395599,30.598746
"1791","4004800309",-95.27,32.38
"1792","4004811212",-95.397713,29.712448
"1793","4004813299",-97.735642,30.2853755
"1794","4004821211",-96.858624,32.811842
"1795","4004831215",-95.403086,29.703271
"1796","4005400226",-117.413008,47.649208
"1797","4005421225",-122.3076595,47.654538
"1798","4005500265",-82.516685,38.376621
"1799","4005521226",-79.964403,39.640968
"1800","4005600260",-88.0248,44.5299
"1801","4005600261",-88.022002,43.04338
"1802","4000111009",-86.802087,33.506034
"1803","4000122232",-88.18,30.7
"1804","4000322011",-111.87,33.43
"1805","4000500315",-122.26,37.87
"1806","4000500322",-117.1971,33.911393
"1807","4000521021",-117.19935,34.053562
"1808","4000521025",-118.442728,34.0652415
"1809","4000521026",-117.23892,32.879793
"1810","4000521253",-117.145428,32.7252795
"1811","4000522028",-122.43,37.78
"1812","4000522031",-122.29,37.54
"1813","4000522298",-118.97061,35.384178
"1814","4000531032",-118.44548175,34.070845
"1815","4000821042",-72.922255,41.292717
"1816","4000821266",-72.2481995,41.8070105
"1817","4000821295",-72.682063,41.751142
"1818","4000900047",-75.543691,39.748568
"1819","4000931046",-75.577011,39.701385
"1820","4001021239",-76.9892045,38.8492485
"1821","4001021287",-77.101989,39.002851
"1822","4001100313",-80.293782,25.869277
"1823","4001100314",-81.2013415,28.6014075
"1824","4001100316",-80.254265,26.212212
"1825","4001100318",-82.566444,27.493198
"1826","4001100326",-81.441643,28.481756
"1827","4001121052",-82.41,28.07
"1828","4001200264",-81.095937,32.032574
"1829","4001500001",-116.2044,43.615
"1830","4001600306",-88.214906,40.1170655
"1831","4001600308",-87.66942,41.932548
"1832","4001621065",-89.632379,39.758171
"1833","4001621305",-89.597983,40.697735
"1834","4001700067",-86.04149,39.904664
"1835","4001700068",-86.176695,39.7762515
"1836","4001700069",-86.176695,39.7762515
"1837","4001721066",-86.176695,39.7762515
"1838","4001800071",-93.726361,41.579286
"1839","4002021074",-84.50048275,38.039481
"1840","4002121291",-90.08,29.95
"1841","4002131308",-91.178322,30.414605
"1842","4002312245",-77.099131,39.004425
"1843","4002321289",-76.625072,39.28823
"1844","4002411094",-71.096893,42.364666
"1845","4002421279",-71.02,42.08
"1846","4002421288",-71.07,42.36
"1847","4002500307",-85.6573665,42.8382855
"1848","4002500313",-83.26,42.48
"1849","4002521097",-83.683771,42.316221
"1850","4002521101",-84.481054,42.7265225
"1851","4002621285",-93.262273,44.956538
"1852","4002800115",-94.51501,37.11445
"1853","4002821114",-90.306719,38.6482235
"1854","4003000117",-95.949377,41.255254
"1855","4003021116",-95.950899,41.2663125
"1856","4003300301",-74.96,39.93
"1857","4003300304",-74.540569,39.479238
"1858","4003312120",-74.0627205,40.956752
"1859","4003312300",-74.214683,40.658525
"1860","4003321121",-74.46,40.52
"1861","4003500312",-74.22,40.54
"1862","4003500313",-73.891312,40.8524255
"1863","4003511158",-77.629155,43.1281065
"1864","4003512139",-73.7318205,40.7413495
"1865","4003512304",-73.754021,40.600208
"1866","4003521138",-73.94452,40.842516
"1867","4003521142",-73.71111,40.7513375
"1868","4003521149",-73.985033,40.74711
"1869","4003600172",-80.83866075,35.203828
"1870","4003600174",-78.873719,35.1342925
"1871","4003600176",-79.81,36.07
"1872","4003621166",-79.0500079375,35.907882
"1873","4003621171",-80.265921,36.089499
"1874","4003721251",-96.8,46.89
"1875","4003800284",-81.531093,41.078769
"1876","4003821173",-84.50352,39.13674
"1877","4003821178",-84.064915,39.7814155
"1878","4003821181",-83.614522,41.660137875
"1879","4003900247",-96.006721,36.137667
"1880","4003921183",-96.006721,36.137667
"1881","4003921184",-97.44,35.21
"1882","4004100273",-75.779243,41.62648
"1883","4004100274",-75.66,41.4
"1884","4004100278",-75.8,39.99
"1885","4004121195",-75.1513485,40.0050125
"1886","4004212296",-66.1,18.39
"1887","4004321203",-71.4,41.83
"1888","4004621260",-96.717311,43.514658
"1889","4004711208",-86.8014455,36.141713
"1890","4004800300",-97.667904,26.218293
"1891","4004800301",-102.376219,31.844182
"1892","4005621228",-89.408095,43.0732435
"1893","4005621229",-87.885429,43.057098
"1894","4300513143",-117.23892,32.879793
"1895","4300811017",-72.936797,41.305444
"1896","4301611116",-89.597983,40.697735
"1897","4301921034",-94.609310125,39.05612625
"1898","4303021142",-95.949377,41.255254
"1899","4303511071",-77.629155,43.1281065
"1900","4303821076",-84.50352,39.13674
"1901","4304121129",-79.929747,40.45062
"1902","4304712128",-86.8014455,36.141713
"1903","4304811097",-95.397713,29.712448
"1904","4304822099",-97.74,30.29
"1905","4304912102",-111.850341,40.7633235
"1906","4305421107",-122.3076595,47.654538
"1907","4305500001",-79.958453,39.648561
"1908","4300311003",-110.9530625,32.236356
"1909","4300511014",-122.1601755,37.42320875
"1910","4300513139",-117.971065,34.1297115
"1911","4300521008",-118.442728,34.0652415
"1912","4303500146",-73.1182325,40.9132405
"1913","4303521063",-73.957507,40.764209
"1914","4303521122",-78.8187,42.9547
"1915","4304121123",-75.0802,40.0812
"1916","4200500915",-116.98,33.75
"1917","4200512020",-118.13822,34.14685
"1918","4200521914",-117.145428,32.7252795
"1919","4200821216",-73.4218785,41.111785
"1920","4201611064",-87.8356268125,41.8601058125
"1921","4202111075",-93.704035,32.429483
"1922","4203800244",-84.1688,39.6895
"1923","4203912158",-97.576913,35.52724
"1924","4204521184",-79.947297,32.784808
"1925","4205421207",-117.413008,47.649208
"1926","4200111007",-86.802087,33.506034
"1927","4200511023",-118.442728,34.0652415
"1928","4200521034",-122.1601755,37.42320875
"1929","4200522033",-119.7231375,34.430364
"1930","4200821225",-72.2481995,41.8070105
"1931","4201621065",-89.64645,39.82021
"1932","4203521222",-73.124151,40.914502
"1933","4203821152",-84.50352,39.13674
"1934","4200821043",-72.918234,41.319942
"1935","4201121051",-82.430086,28.05545
"1936","4202521091",-83.683771,42.316221
"1937","4202821231",-94.59,39.05
"1938","4203511146",-77.629155,43.1281065
"1939","4203611150",-80.265921,36.089499
"1940","4204721187",-90.019118,35.136527
"1941","4204721189",-86.8014455,36.141713
"1942","4204811194",-95.397713,29.712448
"1943","4205111201",-78.5222,38.041
"1944","4205121203",-77.430144,37.5404765
"1945","4205412206",-122.3332,47.611771
"1946","4205421205",-122.3076595,47.654538
"1947","4205521208",-79.964403,39.640968
"1948","4201100263",-82.424513,28.064686
"1949","4201112260",-81.3704015,28.5753655
"1950","4203521214",-73.9403585,40.814316
"1951","4203821232",-81.4031125,40.796734
"1952","4205121202",-76.3014135,36.861366
"1953","4610521016",-122.1601755,37.42320875
"1954","4610800001",-72.918234,41.319942
"1955","4611100001",-82.348267,29.647456
"1956","4611800001",-91.5483845,41.658869
"1957","4613611069",-79.0500079375,35.907882
"1958","9990300006",-110.954825,32.235527
"1959","9990400008",-92.320431,34.7494735
"1960","9990700018",-104.884012,39.53360655
"1961","9991100243",-82.72680125,27.80564925
"1962","9991200029",-82.125862,33.43083
"1963","9991600035",-87.649467,41.966462
"1964","9991700040",-86.176695,39.7762515
"1965","9992400158",-70.9913655,42.0874555
"1966","9992400199",-71.1016065,42.299431
"1967","9992400246",-71.24595475,42.331633
"1968","9992500056",-83.775635,42.270935
"1969","9992500057",-83.27,42.3
"1970","9992500060",-83.0704,42.3571
"1971","9993100001",-115.25,36.2
"1972","9993500084",-76.14,43.06
"1973","9993500259",-72.39,40.89
"1974","9993600002",-78.738958,35.4091335
"1975","9993700086",-96.86,46.84
"1976","9994100249",-78.41,40.54
"1977","9994200125",-66.6185,18.073
"1978","9994200256",-66.0571,18.3744
"1979","9994800137",-106.462315,31.8215405
"1980","9994800256",-98.17189,26.3046525
"1981","9994900142",-111.8913215,40.6596705
"1982","9995400144",-122.278485,47.82505
"1983","9995600184",-87.885429,43.057098
